{
  "providers": {
    "awscloudformation": {
      "AuthRoleName": "amplify-rightonhost-dev-135647-authRole",
      "UnauthRoleArn": "arn:aws:iam::484006752749:role/amplify-rightonhost-dev-135647-unauthRole",
      "AuthRoleArn": "arn:aws:iam::484006752749:role/amplify-rightonhost-dev-135647-authRole",
      "Region": "us-east-1",
      "DeploymentBucketName": "amplify-rightonhost-dev-135647-deployment",
      "UnauthRoleName": "amplify-rightonhost-dev-135647-unauthRole",
      "StackName": "amplify-rightonhost-dev-135647",
      "StackId": "arn:aws:cloudformation:us-east-1:484006752749:stack/amplify-rightonhost-dev-135647/5a2434b0-e6a4-11ec-b4d3-0a4143e12911",
      "AmplifyAppId": "d2758q3kn1c2ge"
    }
  }
}